{"mean":{"confidence_interval":{"confidence_level":0.95,"lower_bound":0.17455793027637112,"upper_bound":0.5563842905825569},"point_estimate":0.3456452883243748,"standard_error":0.09667505892551931},"median":{"confidence_interval":{"confidence_level":0.95,"lower_bound":0.07655014773519597,"upper_bound":0.6805966189611601},"point_estimate":0.5987101031705868,"standard_error":0.20959257772301224}}