{"mean":{"confidence_interval":{"confidence_level":0.95,"lower_bound":0.48062084432363894,"upper_bound":0.5311689905400162},"point_estimate":0.5060203765968574,"standard_error":0.013056394189151192},"median":{"confidence_interval":{"confidence_level":0.95,"lower_bound":0.47613442684966123,"upper_bound":0.5426998347663206},"point_estimate":0.5235811582490508,"standard_error":0.017437067620755083}}