{"mean":{"confidence_interval":{"confidence_level":0.95,"lower_bound":-0.49636977033012386,"upper_bound":-0.4297926438434658},"point_estimate":-0.4574260958249772,"standard_error":0.01845171651257306},"median":{"confidence_interval":{"confidence_level":0.95,"lower_bound":-0.4561402308470065,"upper_bound":-0.4248087680216367},"point_estimate":-0.44002653137477066,"standard_error":0.008427458670103239}}