{"mean":{"confidence_interval":{"confidence_level":0.95,"lower_bound":0.6404390931028874,"upper_bound":0.6908346487873291},"point_estimate":0.6658915452149965,"standard_error":0.012961360871583356},"median":{"confidence_interval":{"confidence_level":0.95,"lower_bound":0.631090543620904,"upper_bound":0.696975357528568},"point_estimate":0.671379829449404,"standard_error":0.01575831469820914}}