{"mean":{"confidence_interval":{"confidence_level":0.95,"lower_bound":0.5002708209142228,"upper_bound":0.52847351880767},"point_estimate":0.5144893038813061,"standard_error":0.007705722178155184},"median":{"confidence_interval":{"confidence_level":0.95,"lower_bound":0.5021668704178308,"upper_bound":0.5322378402040875},"point_estimate":0.5152941371693294,"standard_error":0.008143575178927578}}