{"mean":{"confidence_interval":{"confidence_level":0.95,"lower_bound":0.6438814049204238,"upper_bound":0.6936429590826442},"point_estimate":0.6690786922901106,"standard_error":0.013064066711545768},"median":{"confidence_interval":{"confidence_level":0.95,"lower_bound":0.6317297272459976,"upper_bound":0.7018217376466402},"point_estimate":0.6769000047206037,"standard_error":0.018121921419999108}}