{"mean":{"confidence_interval":{"confidence_level":0.95,"lower_bound":0.4658630916099014,"upper_bound":0.5416697681981852},"point_estimate":0.5038114203469803,"standard_error":0.02289449116610617},"median":{"confidence_interval":{"confidence_level":0.95,"lower_bound":0.4718985989009663,"upper_bound":0.5445412317913254},"point_estimate":0.5067084298733926,"standard_error":0.02270969980789247}}