{"mean":{"confidence_interval":{"confidence_level":0.95,"lower_bound":-0.3718768439878049,"upper_bound":-0.09534641593862592},"point_estimate":-0.26270667369242373,"standard_error":0.0709018362064227},"median":{"confidence_interval":{"confidence_level":0.95,"lower_bound":-0.3957897631850904,"upper_bound":0.06845311027427359},"point_estimate":-0.35661368844509844,"standard_error":0.13505317996756033}}