{"mean":{"confidence_interval":{"confidence_level":0.95,"lower_bound":0.049913172357289204,"upper_bound":0.27856147969100553},"point_estimate":0.1604122753598718,"standard_error":0.05858217105329012},"median":{"confidence_interval":{"confidence_level":0.95,"lower_bound":0.04992846440894394,"upper_bound":0.31977969989732635},"point_estimate":0.20573526801449749,"standard_error":0.06274368189455651}}