{"mean":{"confidence_interval":{"confidence_level":0.95,"lower_bound":-0.9268485157655959,"upper_bound":-0.9092692475512769},"point_estimate":-0.9182198144372226,"standard_error":0.00452394104522756},"median":{"confidence_interval":{"confidence_level":0.95,"lower_bound":-0.9243079350544495,"upper_bound":-0.9073900946887511},"point_estimate":-0.9164409540454119,"standard_error":0.005040184818185609}}