{"mean":{"confidence_interval":{"confidence_level":0.95,"lower_bound":0.0026710427927865315,"upper_bound":0.036328191493915155},"point_estimate":0.019673627365012214,"standard_error":0.008629573295275295},"median":{"confidence_interval":{"confidence_level":0.95,"lower_bound":-0.0024039757104885595,"upper_bound":0.03994705824383149},"point_estimate":0.027674288033060712,"standard_error":0.010225547226340032}}