{"mean":{"confidence_interval":{"confidence_level":0.95,"lower_bound":0.3895284395618046,"upper_bound":0.43061274084718093},"point_estimate":0.4098093168468313,"standard_error":0.010504843664310122},"median":{"confidence_interval":{"confidence_level":0.95,"lower_bound":0.3870122040498942,"upper_bound":0.42797275908618637},"point_estimate":0.41365270416699484,"standard_error":0.009620723846948363}}